"city","pop","poppc","pop2000","babies","children","elderly","female","white","black","native","asian","islander","multir","hispanic","stayput","foreign","nonenglish","highschool","grads","commute","units","ownership","housevalue","households","housesold_size","housesold_income","income","poverty","trade_sales","retail_sales","retail_sales_pc","accomod","firms","firms_black","firms_native","firms_asian","firms_hispanic","firms_islander","firms_female","area","density","fips","county"
"Alameda",70699,-2.2,72259,5.6,21.5,13.3,52,56.9,6.2,0.7,26.1,0.6,6.1,9.3,50.1,26.1,33.9,88.4,42.2,29.6,31644,47.9,345000,30226,2.35,56285,30982,8.2,1182393,482438,6653,80477,6558,NA,NA,NA,NA,NA,26.6,10,6690.6,562,"Alameda County "
"Alhambra",87506,2,85804,6.2,22.3,13.2,52.9,30,1.7,0.7,47.2,0.1,4,35.5,50.4,50.8,72.3,73,27.5,29.1,30069,39.2,210400,29111,2.88,39213,17350,14.3,512638,1275176,14598,108794,7753,NA,NA,NA,NA,NA,NA,7,11260.4,884,"Los Angeles County "
"Aliso Viejo",41489,3.7,NA,NA,NA,NA,NA,NA,NA,NA,NA,NA,NA,NA,NA,NA,NA,NA,NA,NA,NA,NA,NA,NA,NA,NA,NA,NA,669433,539082,13217,40739,4769,NA,NA,10.2,NA,NA,39.3,NA,NA,947,"Orange County "
"Anaheim",334425,1.7,328014,9.2,30.2,8.2,50,54.8,2.7,0.9,12,0.4,5,46.8,44.5,37.9,54.8,69.3,19.6,28.1,99719,50,213800,96969,3.34,47122,18266,14.1,8072427,3008129,9084,916207,23947,1.3,1.5,16.7,NA,NA,25.1,48,6702.4,2000,"Orange County "
"Antioch",100586,11.1,90532,8.6,32.3,7.4,51,65.3,9.7,0.9,7.4,0.4,7,22.1,49.9,13.2,22.1,85.7,18.2,41.6,30116,71,196600,29338,3.07,60359,22152,8.5,NA,691533,6951,74462,5676,8.8,NA,12.4,13.5,NA,NA,26,3359.3,2252,"Contra Costa County "
"Apple Valley",68886,27,54239,7.1,31.6,13.7,51.6,76.4,7.9,1,2.2,0.2,4.4,18.6,48.9,7.6,13.8,82.4,16.4,33,20163,70,112700,18557,2.9,40421,17830,17.3,NA,245310,4242,31883,3925,NA,NA,NA,NA,NA,NA,73,739.7,2364,"San Bernardino County "
"Arcadia",56486,6.5,53054,4.6,23.3,15.5,53,45.6,1.1,0.3,45.4,0.1,3.4,10.6,55.7,43.6,54.4,89.7,44.4,30.4,19970,62.3,393700,19149,2.74,56100,28400,7.9,545529,622902,11417,108391,7353,NA,NA,38.2,NA,NA,23.9,10,4831.9,2462,"Los Angeles County "
"Atascadero",27343,3.5,26411,5.4,25.6,11.5,48.5,88.8,2.4,0.9,1.3,0.1,3.3,10.5,51.5,4.4,7.3,88.4,20.3,22.3,9848,65.6,201600,9531,2.62,48725,20029,9,NA,310188,11569,23957,2827,NA,NA,NA,NA,NA,NA,26,987.7,3064,"San Luis Obispo County "
"Azusa",47074,5.3,44712,9.3,30.8,6.9,50.6,52.3,3.8,1.3,6.1,0.2,5.7,63.8,47.8,34,56.1,60.7,14.2,26.8,13013,50.5,149300,12549,3.41,39191,13412,18.8,196247,337056,7325,40198,2458,NA,NA,NA,33,NA,32.9,8,5023.8,3386,"Los Angeles County "
"Bakersfield",308392,26.7,247057,8.8,32.7,8.8,51.4,61.9,9.2,1.4,4.3,0.1,4.4,32.5,43.9,13.6,27.1,75.9,19.3,22.2,88262,60.5,106500,83441,2.92,39982,17678,18,3826838,3586569,13771,381952,19107,6.7,1.6,7.4,17.1,NA,36.5,113,2184.4,3526,"Kern County "
"Baldwin Park",78568,3.6,75837,9.7,34.9,6.2,50,40.2,1.6,1.5,11.6,0.1,4.5,78.7,58.6,45.7,78.7,47.5,9,30.3,17430,61,146400,16961,4.44,41629,11562,18.2,881700,349424,4519,45812,3927,NA,NA,19.3,NA,NA,27.9,6,11386.9,3666,"Los Angeles County "
"Bell",37332,1.8,36664,10.8,35.3,5.4,49.5,48.5,1.3,1.3,1.1,0.1,4.8,90.9,47.8,53.3,88.2,35.1,4,28.5,9215,30.9,167100,8918,4.05,29946,9905,24.1,313577,187574,5047,31020,1929,NA,NA,NA,71,NA,19.4,2,14783.9,4870,"Los Angeles County "
"Bell Gardens",45285,2.8,44054,11.4,39.5,3.9,49.4,48.1,1,1.7,0.6,0.1,4.7,93.4,47.7,50.4,88.2,31.3,4,30.1,9788,23.8,175000,9466,4.61,30597,8415,27.3,NA,96505,2147,17914,1883,NA,NA,NA,NA,NA,NA,2,17692.4,4996,"Los Angeles County "
"Bellflower",74351,2,72878,9.5,31.9,8.4,51.3,46.1,13.1,0.9,9.7,0.7,5.1,43.2,45.4,28.4,46.3,70.8,12.9,27.3,24247,40.3,179800,23367,3.09,39362,15982,15.8,NA,459377,6199,46408,4332,9.1,NA,19.3,NA,NA,39.3,6,12006.3,4982,"Los Angeles County "
"Belmont",24665,-1.7,25123,6,19.3,13.2,50.8,75.2,1.7,0.3,15.4,0.5,4.2,8.3,56,22.6,26.3,94.2,51.7,27.1,10577,60.2,593200,10418,2.35,80905,42812,4,186983,296230,11974,33449,2710,NA,NA,NA,6.2,NA,30.1,4,5545.9,5108,"San Mateo County "
"Benicia",26597,-1,26865,5.6,27.1,9.3,51.4,78.9,4.8,0.6,7.6,0.3,5.2,9,56,9.4,12.6,91.7,37.3,31.3,10547,70.7,274600,10328,2.6,67617,31226,4.3,626016,197696,7310,26901,2728,NA,NA,7.2,NA,NA,32.8,12,2082.6,5290,"Solano County "
"Berkeley",101555,-1.2,102743,4,14.1,10.2,50.9,59.2,13.6,0.5,16.4,0.1,5.6,9.7,45.4,20.4,27.5,92.2,64.3,27.8,46875,42.7,380200,44955,2.16,44485,30477,20,560688,1156218,11208,249468,14067,6.4,NA,8.8,NA,NA,38.6,10,9822.5,6000,"Alameda County "
"Beverly Hills",34979,3.5,33784,3.7,20,17.6,54.5,85.1,1.8,0.1,7.1,NA,4.5,4.6,55.2,38.2,44.2,90.8,54.5,23.9,15856,43.4,1000001,15035,2.24,70945,65507,9.1,663890,1747234,50283,423519,14300,4.6,NA,3.9,5.2,NA,20.9,5,5958.4,6308,"Los Angeles County "
"Brea",38585,8.8,35410,6.1,25.6,11.4,51.2,77.3,1.3,0.5,9.1,0.2,3.8,20.3,53.9,17.2,24.4,88.4,33.5,28.5,13327,64.2,261700,13067,2.7,59759,26307,5.3,3866256,919216,24962,143455,4629,NA,NA,12.1,NA,NA,19.1,10,3359.6,8100,"Orange County "
"Buena Park",79664,2.2,78282,8.1,29.4,9.3,50.4,53,3.8,1,21.1,0.5,5.5,33.5,50.8,33,48.3,75.8,19.7,28.6,23826,57.1,199400,23332,3.32,50336,18031,11.3,1487819,1382878,17531,98659,5717,NA,NA,35.5,16.8,NA,25,10,7406.1,8786,"Orange County "
"Burbank",104317,4,100316,5.7,22.3,12.8,51.5,72.2,2.1,0.6,9.2,0.1,6,24.9,53.6,31.1,42.6,83.1,29,25.1,42847,43.5,256400,41608,2.39,47467,25713,10.5,1440882,1462877,14276,271712,14055,2.4,NA,9.7,12.2,NA,26.8,17,5781.9,8954,"Los Angeles County "
"Burlingame",27573,-2,28158,5.6,19.2,15.2,52.2,76.9,1.1,0.2,13.8,0.5,4,10.6,53.9,24.6,28.5,92.9,47.9,26.1,12869,47.9,685900,12511,2.21,68526,43565,5.7,2595305,668579,24098,168673,4628,NA,NA,17.9,9.1,NA,27.4,4,6503,9066,"San Mateo County "
"Calexico",37243,37.3,27109,7.8,34.9,10.4,53.4,46.6,0.5,0.7,1.8,0,3.5,95.3,57.2,51.2,94.1,47.4,9.1,22.1,6983,55.2,108200,6814,3.96,28929,9981,25.7,407771,414464,13489,32697,2108,NA,NA,7.5,NA,NA,NA,6,4351.4,9710,"Imperial County "
"Camarillo",62489,9.2,57077,6.6,25.3,17,51.6,80.7,1.5,0.5,7.2,0.2,3.6,15.5,51.6,13.3,19.8,90.6,32.9,22.5,21946,73.5,252100,21438,2.62,62457,28635,5.3,NA,1103634,18625,89087,6094,NA,NA,NA,6.3,NA,24.6,18,3015.2,10046,"Ventura County "
"Campbell",37520,-1.6,38138,6.5,21.6,9.7,50.4,72.8,2.5,0.7,14.2,0.2,4.8,13.3,50,21.7,26.7,89.7,39.7,25.3,16286,48.2,436800,15920,2.38,67214,34441,4.8,622469,654514,17560,95060,4677,NA,NA,9.5,5.7,NA,22.2,5,6798.2,10345,"Santa Clara County "
"Carlsbad",92928,18.7,78247,6.4,23.3,14,51.1,86.6,1,0.4,4.2,0.2,3,11.7,42.3,12.7,17,93.1,45.7,28.7,33798,67.4,330100,31521,2.46,65145,34863,5.9,1699821,2019554,23418,293107,12046,NA,NA,NA,NA,NA,23.8,37,2089.9,11194,"San Diego County "
"Carson",93805,4.5,89730,6.9,28.4,10.7,51.7,25.7,25.4,0.6,22.3,3,5.1,34.9,62,32.9,49.9,70.6,18.1,26.6,25337,77.9,183200,24648,3.59,52284,17107,9.3,5338112,1505764,16375,86531,6319,20.9,NA,25.8,23.5,NA,30.9,18,4762.7,11530,"Los Angeles County "
"Cathedral City",52461,22.4,42647,8.8,31.1,12.2,49.3,65.3,2.7,1,3.7,0.1,4.1,50,43.9,29.5,47.6,69,14.7,21.6,17893,65.2,125500,14027,3.03,38887,16215,13.6,NA,820851,17677,50838,3893,NA,NA,NA,30.1,NA,25.3,19,2223.5,12048,"Riverside County "
"Ceres",42245,21.8,34609,8.6,34.4,8.1,50.8,64.5,2.7,1.4,5,0.4,5.5,37.9,50.7,19,36.1,67,8.3,28.6,10773,66.2,119900,10435,3.31,40736,14420,12.9,108455,324753,8873,32513,1838,NA,NA,16.7,21.1,NA,NA,6,4986.9,12524,"Stanislaus County "
"Cerritos",52353,1.7,51488,4.7,24.5,9.7,51.3,26.9,6.7,0.3,58.4,0.2,3.8,10.4,65.3,45.5,60,90.7,43.7,29.3,15607,83.5,281000,15390,3.34,73030,25249,5,3015386,2397507,45772,83237,5707,NA,NA,NA,6.2,NA,NA,8,5973.1,12552,"Los Angeles County "
"Chico",73316,10.1,59954,6,21.1,9.9,50.9,82.4,2,1.3,4.2,0.2,4.3,12.3,30.2,9,14.1,87.3,33.6,17.4,24386,40.4,141600,23476,2.42,29359,16970,26.6,347457,1383062,20313,157884,5491,NA,NA,NA,NA,NA,30.1,27,2161.3,13014,"Butte County "
"Chino",79289,13.6,67168,7.2,28.5,5.9,44.6,55.7,7.8,0.9,4.9,0.2,4.9,47.4,53.7,20.4,38.4,70.7,13,32.6,17898,68.7,173600,17304,3.43,55401,17574,8.3,1490203,784757,10839,81496,5135,NA,NA,NA,26.4,NA,17,21,3190.9,13210,"San Bernardino County "
"Chino Hills",75282,12.7,66787,8.7,32.9,4.2,50.3,56.4,5.5,0.6,22.1,0.1,4.7,25.7,51.9,22.7,35.6,89.9,37.6,39.8,20414,84.8,242600,20039,3.33,78374,26182,5.1,NA,373845,5177,38962,5613,NA,NA,26.1,10,NA,32.2,44,1490.4,13214,"San Bernardino County "
"Chula Vista",212756,22.6,173556,7.8,28.7,11,51.5,55.1,4.6,0.8,11,0.6,5.8,49.6,47.2,28.7,52.6,78.5,22.2,26.5,59495,57.4,197000,57705,2.99,44861,18556,10.6,820069,1783315,9255,214822,12876,NA,1.1,12.8,44.3,NA,37.4,48,3550.7,13392,"San Diego County "
"Citrus Heights",84547,-0.6,85071,6.8,25.2,12.9,51.6,84.6,2.9,1,2.8,0.3,4.7,10,46.5,9.2,12.6,88.5,18.2,26.7,34897,57.2,137300,33478,2.52,43859,20744,8.3,NA,934879,10605,98615,6161,1.8,NA,NA,NA,NA,30.6,14,5928.3,13588,"Sacramento County "
"Claremont",35103,3.3,33998,4.3,20.7,14.6,53,73.5,5,0.6,11.5,0.1,4.1,15.4,49.4,15.8,24.5,92.4,52.4,25.7,11559,66.7,251000,11281,2.56,65910,28843,8,NA,445970,12854,58515,3347,NA,NA,NA,12.4,NA,NA,13,2587.4,13756,"Los Angeles County "
"Clovis",89316,29.3,68468,7.6,30.7,9.4,52,75.8,1.9,1.5,6.5,0.2,4.6,20.3,49.4,8,17.1,85,23.1,20.8,25250,60.4,125200,24347,2.79,42283,18690,10.6,51324,1098122,14758,82245,5350,NA,NA,10.9,NA,NA,NA,17,3999.3,14218,"Fresno County "
"Colton",51427,7.5,47662,10,34.9,6.4,50.7,42.7,11,1.3,5.3,0.2,5.1,60.7,48.2,24,48.5,68.8,12.2,26.6,15680,52,105200,14520,3.26,35777,13460,19.6,284361,606246,12184,42646,2681,NA,NA,NA,NA,NA,27.2,15,3154.3,14890,"San Bernardino County "
"Compton",95701,2.3,93493,10.4,38.5,6.9,51,16.7,40.3,0.7,0.3,1.1,3.6,56.8,59,31.4,55.2,48,5.9,29,23795,56.3,136200,22327,4.16,31819,10389,28,NA,201004,2110,39836,4303,27.8,NA,5.1,37.4,NA,28.8,10,9229.3,15044,"Los Angeles County "
"Concord",122204,0.3,121780,7.1,25.3,10.7,50.6,70.7,3,0.8,9.4,0.5,5.9,21.8,51.5,23.4,30.3,84.7,25.9,31.9,45083,62.6,233700,44020,2.74,55597,24727,7.6,1049210,2208279,17718,178739,9684,1.6,2.3,NA,NA,NA,35.4,30,4040.5,16000,"Contra Costa County "
"Corona",150253,17.5,124966,9.8,33.4,5.8,50.5,62,6.4,0.9,7.5,0.3,5.3,35.7,39.4,21.4,35.8,80.6,22,35.3,39271,67.5,194400,37839,3.29,59615,21001,8.3,4377509,1661278,11802,138202,11708,5.2,NA,16.5,19,NA,30.7,35,3555.2,16350,"Riverside County "
"Costa Mesa",109809,0.3,108724,7.1,23.2,8.4,48.8,69.5,1.4,0.8,6.9,0.6,4.3,31.8,43.8,29.2,37.5,79.1,29.1,22.8,40406,40.5,273100,39206,2.69,50732,23342,12.6,7689569,2899454,26261,374373,13604,1.1,NA,9.2,11.2,NA,29.4,15,6956.1,16532,"Orange County "
"Covina",47833,2.1,46837,7.4,28.1,10.9,52.1,62.1,5,0.9,9.8,0.2,4.8,40.3,50.7,20,35.6,81.9,18.8,30.8,16364,58.4,189500,15971,2.89,48474,20231,11.6,222296,482335,10104,63367,4316,NA,NA,NA,20.6,NA,25.6,6,6719.8,16742,"Los Angeles County "
"Culver City",39403,1.5,38816,5.5,20.9,13.9,53.3,59.2,12,0.7,12,0.2,5.7,23.7,57.2,26.6,35.2,87.2,41.2,26,17130,54.4,311100,16611,2.31,51792,29025,8.6,1195143,1824859,46110,129404,6971,5.9,NA,12.1,NA,NA,27.4,5,7596.1,17568,"Los Angeles County "
"Cupertino",52948,0.8,50546,6.1,26.6,11,50.1,50.1,0.7,0.2,44.4,0.1,3.1,4,49.3,42.8,50,95.5,65.4,25.8,18682,63.6,649000,18204,2.75,100411,44749,4.8,NA,1218870,23627,99726,4841,NA,NA,28,NA,NA,25.8,10,4620.3,17610,"Santa Clara County "
"Cypress",47606,2.2,46229,6,27,10.6,51.3,65.6,2.8,0.6,20.8,0.4,4.4,15.7,55,21.3,29.8,89.7,31.2,29.1,16028,69.4,252800,15654,2.93,64377,25798,6,6001850,245333,5209,67357,4019,NA,NA,30.9,8.6,NA,22.7,6,6993.8,17750,"Orange County "
"Daly City",101005,-2.5,103621,6,22.5,12,50.8,25.9,4.6,0.4,50.7,0.9,6.2,22.3,56.4,52.4,66.4,82,29.1,29.9,31311,59.8,335000,30775,3.34,62310,21900,7.1,68540,768296,7564,96056,5702,NA,NA,46.7,NA,NA,25.8,7,13706.5,17918,"San Mateo County "
"Dana Point",35945,2.4,35110,5.6,20.6,13,50,87.2,0.8,0.6,2.5,0.1,2.8,15.5,46,15.7,17.4,90.7,41,28.9,15682,62,381400,14456,2.41,63043,37938,6.7,307163,202247,5666,244507,4939,NA,NA,NA,NA,NA,29.2,6,5287.7,17946,"Orange County "
"Danville",41540,-0.4,41715,7.1,28.6,10.3,51.5,86.3,0.9,0.2,9,0.1,2.5,4.7,53.9,11,13.2,96.6,59.4,30.9,15130,89.1,541400,14816,2.78,114064,50773,2.2,304202,313711,7401,52401,5010,NA,NA,8.2,NA,NA,32.9,18,2306,17988,"Contra Costa County "
"Davis",60964,3.9,60308,4.6,18.6,6.6,52.3,70.1,2.3,0.7,17.5,0.2,4.9,9.6,30.5,17.2,24.4,96.4,68.6,20.6,23617,44.6,238500,22948,2.5,42454,22937,24.5,NA,425096,6842,84875,4744,NA,NA,NA,4.2,NA,32.7,10,5771.1,18100,"Yolo County "
"Delano",50310,27,38824,9.1,32.5,7.5,43.5,26.2,5.4,0.9,15.9,0.1,4.5,68.5,47.4,38.2,72.5,48.7,5.5,23.2,8830,59.4,86700,8409,4.02,28143,11068,28.2,157179,218015,5227,21118,1224,NA,NA,14.9,NA,NA,19,10,3844,18394,"Kern County "
"Diamond Bar",57759,2.6,56287,5.7,27,7.5,51,41,4.8,0.3,42.8,0.1,4.2,18.5,56.9,38.3,53.9,90.7,42.3,34.7,17959,82.6,245800,17651,3.18,68871,25472,6,2830262,259178,4493,59937,6092,3.3,NA,40.2,NA,NA,29.4,14,3813.5,19192,"Los Angeles County "
"Downey",109376,1.9,107323,8,29.2,11,51.4,53.5,3.8,0.9,7.7,0.2,4.9,57.9,50.3,35.3,60.3,72.3,17.3,28,34759,51.8,209700,33989,3.11,45667,18197,11.1,727944,1173379,10753,129483,8664,NA,NA,12.3,39.4,NA,26.6,12,8641.1,19766,"Los Angeles County "
"Dublin",41840,39.2,29973,5.9,21,4.6,47.3,69.4,10.1,0.7,10.3,0.3,3.9,13.5,45.7,13.6,19,86.3,32.9,31.1,9872,64.9,330700,9325,2.65,77283,29451,2.9,730251,1075989,31351,91900,2868,NA,NA,NA,NA,NA,30.6,12,2380.7,20018,"Alameda County "
"East Palo Alto",32784,11.1,29506,10,35,5.1,48.5,27,23,0.8,2.2,7.6,4.6,58.8,54.2,43.8,64.8,48.2,10.6,25.9,7091,43.5,302100,6976,4.2,45006,13774,16.2,NA,164748,5221,19778,948,NA,NA,NA,NA,NA,NA,2,11571,20956,"San Mateo County "
"El Cajon",91756,-3.3,94869,8.2,27.9,11.3,51.2,74,5.4,1,2.8,0.4,6,22.5,40.1,17.5,26.7,79.2,14.5,26.1,35190,40.5,190200,34199,2.7,35566,16698,16.7,618238,1643904,17320,134976,7100,NA,NA,3.7,NA,NA,22.5,14,6511.3,21712,"San Diego County "
"El Centro",40563,6.7,37835,8.4,33.6,9.3,50.9,46.9,3.2,1,3.5,0.1,3.7,74.6,49.6,34.4,71.6,62.9,14,18.5,12263,50.2,104300,11439,3.23,33161,13874,22.8,190823,589474,15605,56939,2288,NA,NA,NA,51.2,NA,NA,9,3949.4,21782,"Imperial County "
"El Monte",123162,6.2,115965,10,34.1,6.9,49.5,35.7,0.8,1.4,18.5,0.1,4.3,72.4,50.7,51.3,80.7,44.2,7.1,27.2,27758,41,158100,27034,4.24,32439,10316,26.1,787023,1789611,15037,57176,6491,NA,NA,NA,33.4,NA,29,9,12142.9,22230,"Los Angeles County "
"Elk Grove",129184,59.3,NA,NA,NA,NA,NA,NA,NA,NA,NA,NA,NA,NA,NA,NA,NA,NA,NA,NA,NA,NA,NA,NA,NA,NA,NA,NA,252764,1098447,12484,92268,6530,NA,NA,16,9.7,NA,30.9,NA,NA,22020,"Sacramento County "
"Encinitas",59260,2.3,58014,5.9,23.1,10.4,50.2,86.6,0.6,0.5,3.1,0.1,2.9,14.8,49.5,13.9,19.4,91.1,50,27,23843,64.2,353300,22830,2.52,63954,34336,7.3,299048,973601,16395,125682,8992,NA,NA,NA,NA,NA,32.3,19,3035.8,22678,"San Diego County "
"Escondido",133510,-0.2,133559,8.8,29.7,11,50.4,67.8,2.3,1.2,4.5,0.2,4.8,38.7,40.2,25.5,38.1,72.6,20.1,27.3,45050,53.2,192600,43817,3.01,42567,18241,13.4,528507,2261183,16732,147024,10389,NA,NA,8.7,17.2,NA,42,36,3681.3,22804,"San Diego County "
"Eureka",25435,-2.6,26128,5.7,22.4,13.7,50.5,82.5,1.6,4.2,3.6,0.3,5.1,7.8,43.5,5.5,9.4,81.7,16.9,14.9,11637,46.5,114000,10957,2.26,25849,16174,23.7,166799,704106,27183,78007,2658,NA,NA,NA,NA,NA,23.7,9,2764.9,23042,"Humboldt County "
"Fairfield",104897,9.1,96178,8.5,29.8,9,50.2,56.2,15,0.8,10.9,0.9,7.4,18.8,45,16.3,24.4,85,20.4,29.5,31792,59.7,174700,30870,2.98,51151,20617,9.3,1347489,1243366,12258,130111,5641,13.7,NA,11.3,NA,NA,34.8,37,2554.5,23182,"Solano County "
"Folsom",66123,27.4,51884,6.9,24.2,8.8,44.8,77.9,6,0.6,7.2,0.2,3.4,9.5,38.9,8.8,13.4,88.9,37.6,27.7,17968,76.3,228700,17196,2.61,73175,30210,7.3,741726,1364104,22430,100746,4746,2.1,NA,6.4,4.4,NA,29.7,21,2386.6,24638,"Sacramento County "
"Fontana",170099,31.1,128929,10.3,37.8,4.7,50.4,45,11.8,1.1,4.4,0.3,5.4,57.7,44.8,26.9,50.4,65.4,10.3,35.1,35908,68.1,130400,34014,3.78,45782,14208,14.7,3209720,999245,6964,88051,7743,NA,NA,10.3,38,NA,24.2,36,3569.5,24680,"San Bernardino County "
"Foster City",28937,0.5,28803,5.9,21.2,10.1,50.8,59.3,2.1,0.1,32.5,0.6,4.1,5.3,50,35.2,39.7,95.6,59.8,27.3,12009,61.5,566500,11613,2.47,95279,45754,2.9,2665941,249159,8552,55825,2969,NA,NA,NA,NA,NA,30.6,3,7660.4,25338,"San Mateo County "
"Fountain Valley",55857,1.6,54978,6,23.5,11.3,51.1,64,1.1,0.5,25.8,0.4,4.3,10.7,59.6,27.6,35.4,88.6,34.4,26.5,18473,74.7,289500,18162,3,69734,26521,4.3,NA,948353,17100,91161,6452,NA,NA,25,6,NA,31.1,8,6170.4,25380,"Orange County "
"Fremont",201691,-0.8,203413,7.4,25.8,8.3,49.7,47.7,3.1,0.5,37,0.4,5.8,13.5,49.4,37.1,46.9,88.4,43.2,31.4,69452,64.5,363400,68237,2.96,76579,31411,5.4,10697253,2797428,13613,212454,14998,NA,NA,38.1,NA,NA,31.9,76,2652.4,26000,"Alameda County "
"Fresno",466714,8.8,427652,9.1,32.9,9.3,50.9,50.2,8.4,1.6,11.2,0.1,5.2,39.9,46.2,20.3,39.5,69.1,19,21.7,149025,50.6,97300,140079,2.99,32236,15010,26.2,4350082,4743378,10683,544790,26881,5.2,3.1,13.9,19.3,NA,NA,104,4097.9,27000,"Fresno County "
"Fullerton",132918,5.3,126003,7,25.1,11.3,50.6,61.9,2.3,0.7,16.1,0.2,4,30.2,49.1,28.9,41.2,81.8,31.3,27.4,44771,53.9,241900,43609,2.83,50269,23370,11.4,2896807,1420275,11042,173303,10914,3.1,NA,21.1,9,NA,32.9,22,5675.8,28000,"Orange County "
"Garden Grove",166296,0.7,165196,7.9,28.5,9.5,49.9,46.9,1.3,0.8,30.9,0.7,4.1,32.5,49.8,43.1,59.2,67.8,15,27.3,46703,59.6,199700,45791,3.56,47754,16209,13.9,1301383,1307234,7845,211687,13200,0.8,NA,42.5,11.6,NA,23,18,9167.4,29000,"Orange County "
"Gardena",59733,3,57746,7.5,25.8,12.4,51.3,23.8,26,0.6,26.8,0.7,5.1,31.8,56.7,32.8,48.1,74,16.6,25.5,21041,47.3,179500,20324,2.8,38988,17263,15.7,984737,620853,10439,104907,5324,12.7,NA,41.7,NA,NA,25.3,5,9922,28168,"Los Angeles County "
"Gilroy",48313,16.5,41464,9.4,32.6,6.8,50.2,58.9,1.8,1.6,4.4,0.3,5.3,53.8,44.1,24.1,43.6,70.1,19.1,30.6,12152,61.2,344100,11869,3.46,62135,22071,10.4,NA,813656,18940,77325,3075,NA,NA,NA,11.1,NA,26.3,15,2616,29504,"Santa Clara County "
"Glendale",199463,2.3,194973,5.7,22.4,13.9,52.3,63.6,1.3,0.3,16.1,0.1,10.1,19.7,50.8,54.4,67,79,32.1,27.3,73713,38.4,325700,71805,2.68,41805,22227,15.5,852780,2625246,13204,231443,24388,0.6,NA,17,5.4,NA,27.3,30,6361.3,30000,"Los Angeles County "
"Glendora",50370,2,49415,6.3,27.6,12.5,51.7,80.3,1.5,0.7,6.2,0.1,4,21.7,61.3,14.1,23.8,87.1,25.7,29.4,17145,73.6,225000,16819,2.88,60013,25993,5.9,NA,584361,11629,48383,4514,NA,NA,15.7,11.5,NA,NA,19,2581.8,30014,"Los Angeles County "
"Goleta",29182,1.9,NA,NA,NA,NA,NA,NA,NA,NA,NA,NA,NA,NA,NA,NA,NA,NA,NA,NA,NA,NA,NA,NA,NA,NA,NA,NA,588885,574864,19291,56929,3027,NA,NA,NA,NA,NA,20.6,NA,NA,30378,"Santa Barbara County "
"Hanford",48655,16.4,41686,8.7,31.6,10.3,51,64.1,5,1.4,2.9,0.2,5.7,38.7,48.7,13.6,28.3,74.5,14.4,20.2,14721,59,102900,13931,2.93,37582,17504,17.3,NA,492513,11135,48979,2371,NA,NA,NA,NA,NA,39.5,13,3184.6,31960,"Kings County "
"Hawthorne",85438,1.6,84112,10.1,31.7,6.1,51.9,29.3,33,0.8,6.7,0.9,5.2,44.3,45.6,33.3,50.6,66.8,12.7,26.9,29629,25.9,183700,28536,2.93,31887,15022,20.3,302054,753540,8812,60850,5111,13.1,NA,10.1,27.7,NA,30.8,6,13879.9,32548,"Los Angeles County "
"Hayward",140606,0.4,140030,7.9,26.8,10.2,50.4,43,11,0.8,19,1.9,7.5,34.2,50,34.8,48.9,75.1,19.9,31.3,45922,53.2,237300,44804,3.08,51177,19695,10,5944251,1751998,12374,132729,9317,NA,NA,NA,NA,NA,23.7,44,3158.8,33000,"Alameda County "
"Hemet",70136,19.1,58812,6.5,22.6,33.1,54.2,80.5,2.6,1.2,1.5,0.1,3.5,23.1,42.3,11.5,19.7,73.5,10.8,28.9,29401,64.6,93700,25252,2.26,26839,16226,16.3,NA,822808,13029,71450,3704,NA,NA,NA,NA,NA,NA,25,2293.8,33182,"Riverside County "
"Hesperia",83351,32.9,62582,7.9,32.8,11,50.7,74.3,4,1.3,1.1,0.2,4.7,29.4,49.7,9.8,20.7,72.6,8,39.1,21348,72.3,95900,19966,3.12,40201,15487,14.1,110107,260914,3892,43263,4408,NA,NA,NA,22.4,NA,26.2,67,929.2,33434,"San Bernardino County "
"Highland",51550,15.4,44605,9.5,35.6,6.5,51.2,56.2,12.1,1.3,6.1,0.3,5.2,36.6,45.9,19.1,33.1,72,16.1,27.1,14858,66.6,128500,13478,3.29,41230,16039,21.5,NA,117597,2502,15423,2558,NA,NA,NA,NA,NA,40.6,13,3272.6,33588,"San Bernardino County "
"Hollister",35690,3.7,34413,10,34.6,6.3,49.5,59.1,1.4,1.1,2.8,0.2,5.4,55.1,45.9,20.8,42.7,72.3,15,34.4,9924,67,266300,9716,3.52,56104,18857,9.5,NA,371054,10230,33258,2356,NA,NA,NA,17.7,NA,NA,6,5237.9,34120,"San Benito County "
"Huntington Beach",194436,2.5,189594,6.2,22.2,10.4,49.9,79.2,0.8,0.7,9.3,0.2,3.9,14.7,50.1,16.9,21.9,89.6,36,28.7,75662,60.6,311800,73657,2.56,64824,31964,6.6,3957264,1945786,10078,272862,21035,0.6,NA,8.7,NA,NA,29.3,26,7184.3,36000,"Orange County "
"Huntington Park",62165,1.3,61348,10.4,35.8,5.1,49.9,41.4,0.8,1,0.8,0.1,4.9,95.6,46.3,55.9,90.9,32.2,4.7,29.5,15335,27.4,164700,14860,4.12,28941,9340,25.2,407237,420725,6725,58717,3273,NA,NA,8.2,57.8,NA,NA,3,20246.9,36056,"Los Angeles County "
"Imperial Beach",26137,-3.2,26992,8.4,29.4,7.5,50.1,62.3,5.3,1.1,6.5,0.6,6.5,40.1,39.1,20.4,39.2,77,11.7,28.7,9739,30,171700,9272,2.84,35882,16003,18.8,27712,42300,1564,17331,1273,NA,NA,NA,NA,NA,45,4,6321.3,36294,"San Diego County "
"Indio",76896,56.6,49116,10.4,35.3,9.1,49.7,48.7,2.8,1,1.5,0.1,3.9,75.4,49.6,33.2,64.5,55.7,8.6,21,16909,56.2,99000,13871,3.48,34624,13525,21.5,183099,572502,10596,51475,3028,NA,NA,NA,59.3,NA,48.6,26,1840.2,36448,"Riverside County "
"Inglewood",114914,2.1,112580,9.1,32.4,7.1,52.5,19.1,47.1,0.7,1.1,0.4,4.2,46,52.9,29.5,46.8,63.7,13.3,29.7,38648,36.3,175000,36805,3.02,34269,14776,22.5,377427,636530,5562,78803,8003,NA,NA,7.8,27.5,NA,NA,9,12317.3,36546,"Los Angeles County "
"Irvine",193956,34.6,143072,5.6,23.5,7.2,51.6,61.1,1.4,0.2,29.8,0.1,4.8,7.4,39.2,32.1,39.7,95.3,58.4,22.8,53711,60,316800,51199,2.66,72057,32196,9.1,39615179,2960830,18246,494336,22210,1.4,NA,21.3,3.7,NA,21,46,3098.1,36770,"Orange County "
"La Habra",59264,0.5,58974,8.4,29.1,10.8,50.7,63,1.6,1,5.9,0.2,4.7,49,48.7,27,43.8,73.4,18.2,29.2,19441,56.6,199500,18947,3.08,47652,18923,12.9,NA,698407,11697,74866,4152,NA,NA,NA,25,NA,23.2,7,8045.6,39290,"Orange County "
"La Mesa",53043,-3.1,54749,5.7,19.8,17,52.8,80.6,4.9,0.7,4.1,0.4,4.3,13.5,46.6,11.6,17.2,89.6,27.6,24,24943,47.2,198700,24186,2.22,41693,22372,9.4,128482,1138377,20847,122904,5327,NA,NA,NA,7.6,NA,26.2,9,5912.4,40004,"San Diego County "
"La Mirada",49733,6.3,46783,6.3,26.2,13.8,51.7,64.5,1.9,0.8,14.9,0.3,4.1,33.5,60.7,22.7,36.9,84.5,25.2,28.4,14811,82,210700,14580,3.1,61632,22404,5.6,2239108,294034,6101,61231,3649,NA,NA,NA,21.1,NA,28.3,7,5959.6,40032,"Los Angeles County "
"La Puente",41526,1.1,41063,9,33.8,7.7,50,39.1,2,1.3,7.2,0.2,5.2,83.1,60,43.5,76.1,49.7,7.8,30.3,9660,60.9,146500,9461,4.34,41222,11336,18.9,NA,263656,6318,26666,2155,NA,NA,17.9,47.8,NA,15.9,3,11765.9,40340,"Los Angeles County "
"La Verne",33316,5.3,31638,5.8,25.2,13.1,51.9,77.1,3.2,0.6,7.2,0.2,4.3,23.1,57.8,14.5,23.7,88.7,31.6,30.6,11286,77.5,242100,11070,2.79,61326,26689,4.7,322501,224691,6913,42094,2772,NA,NA,8.4,15.4,NA,16.7,8,3807.2,40830,"Los Angeles County "
"Laguna Hills",32156,0.5,31178,6.1,26.2,12.1,51.9,76.8,1.4,0.4,10.2,0.2,3.8,16.4,53,22.3,28,91,39.3,27,11303,75.2,330500,10895,2.82,70234,36133,5,498464,597117,18526,79979,5226,NA,NA,16.9,NA,NA,NA,6,4909.9,39220,"Orange County "
"Laguna Niguel",64771,3.2,61891,7,26.6,8.9,51.3,83.5,1.3,0.3,7.7,0.1,3.6,10.4,49.2,17.5,21.4,95.2,47.8,30.4,23885,75,374800,23217,2.65,80733,39167,4.1,286962,901040,14120,57680,7812,NA,NA,NA,3.4,NA,24.3,14,4221.8,39248,"Orange County "
"Lake Elsinore",45033,55.7,28928,9.8,36,6.7,50.1,65.6,5.2,1.3,2,0.3,5.2,38,38,17.2,30.3,71.3,8.6,41.5,9505,64.6,144800,8817,3.27,41884,15413,17,NA,421582,13234,46778,2426,NA,NA,NA,NA,NA,42.6,33,855.9,39486,"Riverside County "
"Lake Forest",76323,0.4,58707,7.1,27,8.6,50.8,76,1.8,0.5,9.7,0.2,4.2,18.6,50.6,21.1,27.1,88.7,33.9,25.3,20486,72,278000,20008,2.89,67967,28583,5.3,1999863,714896,9322,105111,8150,NA,NA,9.6,9.9,NA,NA,12,4700.3,39496,"Orange County "
"Lakewood",80055,0.9,79345,7.1,27.5,11.9,51.6,62.7,7.3,0.6,13.5,0.6,5.2,22.8,60.8,19,29.1,85.1,20.7,27.3,27310,72,202800,26853,2.95,58214,22095,7.4,NA,980801,12184,115850,5146,NA,NA,NA,19.6,NA,31.7,9,8414.1,39892,"Los Angeles County "
"Lancaster",140804,18.6,118718,8,32.3,8.6,49.2,62.8,16,1,3.8,0.2,5,24.1,43.2,13,21.7,78.3,15.8,31.6,41745,61.4,103700,38224,2.92,41127,16935,16.4,304653,1228486,9923,121748,7412,13.7,NA,NA,NA,NA,36.7,94,1263,40130,"Los Angeles County "
"Lawndale",32016,1,31711,9.3,31.9,5.6,49.4,42.2,12.6,1,9.6,0.9,6.6,52.1,44.5,38.7,57.5,63.4,12.5,25.3,9869,33.2,178700,9555,3.31,39012,13702,17.3,70892,195574,6077,22463,2224,4.7,NA,NA,NA,NA,23.5,1,16015.7,40886,"Los Angeles County "
"Livermore",79438,8.2,73345,7.7,28.1,7.5,50,81.9,1.6,0.6,5.8,0.3,4.5,14.4,47.4,12.2,16.1,89.6,31.6,31.3,26610,72.2,314600,26123,2.8,75322,31062,5.3,2357661,932972,12254,103665,5976,NA,NA,10.3,10.8,NA,38.6,23,3066.3,41992,"Alameda County "
"Lodi",62451,9.4,56999,7.9,28.2,14.3,51.2,74.4,0.6,0.9,5.1,0.1,4.9,27.1,46.4,18.8,29.7,72.9,15.6,22.5,21378,54.6,141500,20692,2.71,39570,18719,16.7,448886,724740,11973,74535,4360,NA,NA,NA,NA,NA,NA,12,4656.8,42202,"San Joaquin County "
"Lompoc",39883,-3,41103,8,29.9,9.4,46.9,65.8,7.3,1.6,3.9,0.3,5.4,37.3,50.5,17.9,31.9,74.4,13.8,25.7,13621,51.6,148300,13059,2.88,37587,15509,15.4,NA,295400,7187,49126,2097,NA,6.2,5.6,NA,NA,39.2,11,3531.2,42524,"Santa Barbara County "
"Long Beach",472494,2.4,461522,8.4,29.2,9.1,50.9,45.2,14.9,0.8,12,1.2,5.3,35.8,45.2,28.6,44.2,72.7,23.9,28.7,171632,41,210000,163088,2.77,37270,19040,22.8,6470706,2599922,5525,646802,31742,NA,2,12.5,19.8,NA,31,50,9149.9,43000,"Los Angeles County "
"Los Altos",27483,-0.8,27693,5.9,23.7,19.3,51.8,80.3,0.5,0.2,15.4,0.2,2.8,3,66.5,17.6,20.2,97.2,71.3,22.1,10727,85.6,983000,10462,2.61,126740,66776,2.4,319751,203672,7508,49572,3937,NA,NA,14.4,NA,NA,34.3,6,4361.1,43280,"Santa Clara County "
"Los Angeles",3849378,4.2,3694820,7.7,26.6,9.7,50.2,46.9,11.2,0.8,10,0.2,5.2,46.5,49.5,40.9,57.8,66.6,25.5,29.6,1337706,38.6,221600,1275412,2.83,36687,20671,22.1,49019131,30196646,7976,5592058,395667,6.6,1.5,12.1,21.4,NA,29.8,469,7876.9,44000,"Los Angeles County "
"Los Banos",34717,34.1,25869,9.4,35.1,9.3,50.2,58.6,4.3,1.4,2.3,0.3,6.2,50.4,46.9,18.9,40.1,69.6,9.9,44.5,8049,67.9,140200,7721,3.33,43690,15582,12.1,NA,209047,7082,21578,1426,NA,NA,NA,39.7,NA,37,8,3217.5,44028,"Merced County "
"Los Gatos",28366,-1,28592,5,21.2,15.3,52.5,86.7,0.8,0.3,7.6,0.1,3.3,5.2,54.7,14.9,17.4,96,58.9,26.6,12367,65.3,784600,11988,2.33,94319,56094,4.3,NA,641809,22816,85590,4781,NA,NA,NA,NA,NA,27.9,10,2669.7,44112,"Santa Clara County "
"Lynwood",71061,1.7,69845,10.6,38,4.2,48.9,33.6,13.5,1.2,0.8,0.4,4.4,82.3,54.8,43.6,78.1,38.5,4.5,30.7,14987,47.1,146700,14395,4.7,35888,9542,23.5,NA,192246,2707,37313,3174,12.6,NA,NA,64.1,NA,25.2,4,14401,44574,"Los Angeles County "
"Madera",54959,26.3,43207,10.7,35.4,8.8,49.3,48.1,3.9,2.8,1.4,0.1,5.7,67.8,47.5,31.7,55.7,52.8,9.3,25.5,12521,52.7,93600,11978,3.57,31033,11674,32.5,127016,374069,8135,30958,1955,NA,NA,NA,NA,NA,NA,12,3515.6,45022,"Madera County "
"Manhattan Beach",36665,8.3,33852,6.5,22.3,10.4,49.6,89,0.6,0.2,6,0.1,2.8,5.2,55.4,9.1,11.7,96.8,67.6,28.9,15034,65.1,672600,14474,2.34,100750,61136,3.2,820048,594453,16848,143766,5572,NA,NA,12.7,NA,NA,41.6,3,8613.7,45400,"Los Angeles County "
"Manteca",63709,28.1,49258,7.5,31.6,9.3,51,74.2,2.9,1.3,3.5,0.4,6.2,25.1,49.8,10.7,19.3,78.3,11,34.2,16937,63,156100,16368,2.98,46677,18241,9.7,NA,580779,10240,54826,3045,NA,NA,12.1,NA,NA,34.5,15,3096,45484,"San Joaquin County "
"Martinez",35593,-0.8,35866,5.6,22.7,10.1,50.4,81,3.3,0.7,6.6,0.2,4.7,10.2,54.1,9.5,13.9,91.1,32.1,27.9,14597,68.8,254300,14300,2.41,63010,29701,5.2,494809,223712,6117,38740,3036,NA,NA,NA,NA,NA,24.6,12,2927.8,46114,"Contra Costa County "
"Maywood",28714,2.2,28083,11.4,37,4.2,49,43,0.4,1.1,0.4,0.1,4.5,96.3,49.3,55.2,91.9,29.6,2.3,29.2,6701,29.4,156100,6469,4.33,30480,8926,24.5,94691,79168,2766,14932,1313,NA,NA,NA,67.5,NA,NA,1,23799.2,46492,"Los Angeles County "
"Menlo Park",29981,-2.6,30785,6.6,21.9,15.9,51.5,72.4,7,0.4,7.1,1.3,3.2,15.6,52.9,22.8,27.2,89,61.7,24.6,12714,57,778500,12387,2.41,84609,53341,6.9,654127,504421,16722,84334,4711,NA,NA,9.8,NA,NA,34.3,10,3039,46870,"San Mateo County "
"Merced",76313,18.9,63893,9.2,34.7,9.4,51.1,52.4,6.3,1.3,11.4,0.2,5.2,41.4,43.5,22.1,41.5,68.5,13.6,21.6,21532,46.5,106400,20435,3.06,30429,13115,27.9,NA,935888,13704,72382,3517,NA,NA,NA,NA,NA,NA,19,3217.2,46898,"Merced County "
"Milpitas",64292,2.5,62698,7.2,24.6,7,47.4,30.9,3.7,0.6,51.8,0.6,4.9,16.6,53.2,47.3,60,83.2,36.5,24,17364,69.8,372900,17132,3.47,84429,27823,5,3609911,777192,12260,231759,4619,NA,NA,40.2,NA,NA,18.9,13,4623.7,47766,"Santa Clara County "
"Mission Viejo",94848,2.4,93102,6.9,27.1,10.9,51.1,83.2,1.1,0.4,7.7,0.2,3.6,12.1,54.2,16.5,21.1,93.8,41.2,27.9,32985,81.4,293300,32449,2.84,78248,33302,3.8,6441832,1241532,12990,103567,10382,NA,NA,7.4,4,NA,28.1,18,4989.4,48256,"Orange County "
"Modesto",205721,9,188856,7.6,30.1,11.1,51.5,69.6,4,1.2,6,0.5,5.9,25.6,49.3,15.8,28.1,75,16.5,25.7,67179,58.7,126000,64959,2.86,40394,17797,15.7,1035715,2483944,12241,307448,12475,NA,NA,8.3,15.7,NA,28.4,35,5276.8,48354,"Stanislaus County "
"Monrovia",38006,2.9,36929,8,27.4,10.4,52,62.9,8.7,0.9,7,0.1,4.8,35.2,49.4,21.5,35.3,78,25.1,27.1,13957,47.9,229600,13502,2.71,45375,21686,13.1,216571,708052,18770,76078,3618,NA,NA,12.1,14,NA,28.9,13,2685.7,48648,"Los Angeles County "
"Montclair",35544,7.1,33049,8.9,33.1,8.3,50.1,44.8,6.4,1,8.1,0.3,4.8,60,53.4,34.1,57.1,60.4,9.6,31.6,9066,60.6,135700,8800,3.69,40797,13556,17.4,175720,900103,26221,64575,2325,9.5,NA,NA,32.6,NA,NA,5,6480.2,48788,"San Bernardino County "
"Montebello",62968,1.3,62150,8.1,28.6,12.4,52,46.8,0.9,1.2,11.6,0.1,5.5,74.6,58.2,38,72.5,62.1,14.3,27.5,19416,47.5,199000,18844,3.28,38805,15125,17,1629118,759281,12002,69110,4358,NA,NA,19.3,NA,NA,34.5,8,7533.3,48816,"Los Angeles County "
"Monterey",28803,-3.1,29674,5,16.6,14.9,50.8,80.8,2.5,0.6,7.4,0.3,4.4,10.9,38.8,17.8,25,91.6,46.2,15.7,13382,38.5,399800,12600,2.13,49109,27133,7.8,1031179,427420,14281,310599,4173,NA,NA,3.9,NA,NA,33,8,3515.9,48872,"Monterey County "
"Monterey Park",62183,3.6,60051,5.6,21.3,17.9,52,21.3,0.4,0.7,61.8,0.1,3.4,28.9,61,53.6,75.9,71.6,25.1,27.3,20209,54,216500,19564,3.06,40724,17661,15.6,454627,391124,6367,82212,5862,NA,NA,64.3,10.1,NA,NA,7,7870.4,48914,"Los Angeles County "
"Moorpark",35668,13.6,31415,8.1,34.2,4.5,50.1,74.4,1.5,0.5,5.6,0.1,3.9,27.8,57.4,19.2,28.3,84.7,34.2,28.7,9094,82.1,281300,8994,3.49,76642,25383,7,NA,80367,2331,NA,2751,NA,NA,NA,NA,NA,35.7,19,1651.7,49138,"Ventura County "
"Moreno Valley",183571,28.9,142381,8.8,36.8,5.5,51.1,46.8,19.9,0.9,5.9,0.5,5.8,38.4,46.3,20,34.9,74.5,14,35.3,41431,71.1,118900,39225,3.61,47387,14983,14.2,NA,883999,5870,95061,8102,13.1,NA,9.8,26.9,NA,31.4,51,2779.3,49270,"Riverside County "
"Morgan Hill",35982,9.1,33556,8.1,30.5,7.5,50.4,72.4,1.7,1.1,6,0.2,5.1,27.5,47.1,15.2,25.6,86.8,33.5,33.9,11091,72.5,435200,10846,3.05,81958,33047,4.7,969718,352383,10668,46200,3067,NA,NA,NA,14.6,NA,25.4,11,2875.4,49278,"Santa Clara County "
"Mountain View",70090,-0.9,70708,6,18,10.5,48.3,63.8,2.5,0.4,20.7,0.3,4.1,18.3,42.6,35,39.9,89,55.3,32,32432,41.5,546900,31242,2.25,69362,39693,6.8,2283763,989828,14213,163052,6763,NA,NA,21.1,NA,NA,29.4,12,5863,49670,"Santa Clara County "
"Murrieta",90457,77.8,44282,7.5,33.7,11.4,51,81.6,3.4,0.7,4,0.2,4.3,17.5,42.2,8.6,15.5,90,23,35.7,14921,79.7,190700,14320,3.08,60911,23290,4.3,NA,530660,8760,45175,5517,3.2,NA,NA,NA,NA,22.2,28,1559.8,50076,"Riverside County "
"Napa",74966,3,72585,6.8,25.7,13.8,50.9,80.3,0.5,0.9,1.7,0.2,3.7,26.8,49,19.3,26.1,79.2,23.3,23.9,27776,60.6,238300,26978,2.64,49154,23642,8.9,506208,906626,12101,146147,6611,NA,NA,4.4,7,NA,25.4,17,4100.8,50258,"Napa County "
"National City",60960,12.5,54260,8.1,30.1,11,49.4,35.1,5.6,1,18.6,0.9,5.4,59.1,48.5,41.3,70.2,57.2,9,24,15422,35,141500,15018,3.39,29826,11582,22,728102,1308965,22872,105168,3064,4.3,NA,NA,44.8,NA,23.8,7,7342.4,50398,"San Diego County "
"Newark",41891,-1.4,42471,7.2,27.3,7.8,49.6,52.2,4,0.6,21.3,1,7.1,28.6,59.5,31.6,44.8,79.2,24.2,30.5,13150,70.6,303700,12992,3.26,69350,23641,5.5,729311,815146,18945,98032,3000,NA,NA,33.1,NA,NA,28.9,13,3040.2,50916,"Alameda County "
"Newport Beach",80006,3.7,70032,4,15.7,17.6,50.5,92.2,0.5,0.3,4,0.1,1.7,4.7,45.1,10.7,12.7,96.7,58.5,24.3,37288,55.7,708200,33071,2.09,83455,63015,4.4,1835306,1791845,22621,417205,17110,NA,NA,6.6,NA,NA,23,14,4738.3,51182,"Orange County "
"Norwalk",105240,0.9,103298,8.6,32.1,9,50.5,44.8,4.6,1.2,11.5,0.4,4.7,62.9,56.2,36.4,61.6,63,10.6,27.5,27554,65.8,161100,26887,3.79,46047,14022,11.9,518630,781568,7357,75500,5360,6.1,NA,31.1,36.9,NA,32.6,9,10671.3,52526,"Los Angeles County "
"Novato",51518,8.1,47630,5.9,23.1,13,51.6,82.8,2,0.5,5.2,0.2,3.9,13.1,53.7,17.2,21.2,90.5,37,34.8,18994,67.6,381400,18524,2.52,63453,32402,5.6,543847,866452,18021,83514,6118,NA,NA,NA,7.6,NA,35.8,27,1719.5,52582,"Marin County "
"Oakland",397067,-0.6,399484,7.1,25,10.5,51.7,31.3,35.7,0.7,15.2,0.5,5,21.9,51.5,26.6,36.8,73.9,30.9,31.1,157508,41.4,235500,150790,2.6,40055,21936,19.4,3565596,2518773,6276,535149,34050,17.5,1.5,14.8,8.6,NA,37.2,56,7126,53000,"Alameda County "
"Oakley",28822,12.4,25619,8.5,34.5,5.4,49.5,75.5,3.4,0.9,2.9,0.3,6.5,25,53.4,9.6,18.6,84.8,13.7,44,7946,85.1,187400,7832,3.26,65589,21895,5,NA,101690,3901,NA,1560,NA,NA,NA,NA,NA,NA,12,2062.7,53070,"Contra Costa County "
"Oceanside",165803,3,161029,7.6,27.6,13.6,50.5,66.4,6.3,0.9,5.5,1.3,5.2,30.2,44.1,20.5,32.2,80.8,22.2,28.7,59581,62.1,195800,56488,2.83,46301,20329,11.6,876852,1166531,7075,169514,11418,4.6,NA,8.3,19,NA,35.2,40,3967.2,53322,"San Diego County "
"Ontario",173351,9.7,158007,9.7,34.4,5.9,49.9,47.8,7.5,1.1,3.9,0.4,5.3,59.9,48.9,31,53,62.5,10.5,30.5,45182,57.6,140000,43525,3.6,42452,14244,15.5,9096144,2422288,14707,320207,9916,NA,NA,11.1,30,NA,23.8,49,3174.1,53896,"San Bernardino County "
"Orange",135070,4.2,128821,7.4,26.7,9.6,49.8,70.5,1.6,0.8,9.3,0.2,3.8,32.2,49.8,25.1,36.7,80.4,28,25,41904,62.6,256600,40930,3.02,58994,24294,10,4209775,1820968,13809,292327,13966,NA,NA,NA,9,NA,21.7,23,5507.5,53980,"Orange County "
"Oxnard",184463,8.1,170358,8.9,31.8,8.1,48.9,42.1,3.8,1.3,7.4,0.4,4.7,66.2,51.9,36.9,62.1,59.5,13.7,23.3,45166,57.3,189400,43576,3.85,48603,15288,15.1,1542118,1830608,10313,172831,9592,3.8,NA,12.2,34.9,NA,25.1,25,6730.9,54652,"Ventura County "
"Pacifica",37327,-2.8,38390,5.7,23.2,9.7,50.7,69.5,3.3,0.5,15.3,0.7,6.6,14.6,61.7,18.7,24.4,91.5,33.8,30.8,14245,68.6,367700,13994,2.73,71737,30183,2.9,NA,134643,3578,31307,3148,NA,NA,15.4,13.3,NA,34.8,12,3039.6,54806,"San Mateo County "
"Palm Desert",47047,14.3,41155,4.5,17.3,27.6,51.9,86.8,1.2,0.5,2.6,0.1,2.4,17.1,40.4,16,20.4,88.9,31.4,19.7,28021,66.9,189100,19184,2.13,48316,33463,9.2,NA,1030662,23169,285256,6793,NA,NA,NA,NA,NA,25.2,24,1688.8,55184,"Riverside County "
"Palm Springs",47806,11.8,42807,4.7,17,26.2,48.1,78.3,3.9,0.9,3.8,0.1,3.1,23.7,47,21.4,27.6,81.7,26.6,21.4,30823,60.8,157000,20516,2.05,35973,25957,15.1,NA,486157,10913,272028,5904,NA,NA,NA,NA,NA,26.9,94,454.2,55254,"Riverside County "
"Palmdale",138790,18.8,116670,9.3,38,5.6,50.9,54.8,14.5,1,3.8,0.2,5.2,37.7,46.4,19.8,34.7,74,13.3,42.9,37096,71,116400,34285,3.4,46941,16384,15.8,NA,947547,7648,105213,7558,12.3,NA,4.1,NA,NA,NA,104,1111.6,55156,"Los Angeles County "
"Palo Alto",57809,-1.3,58598,5.1,21.2,15.6,51.1,75.8,2,0.2,17.2,0.1,3.2,4.6,55.4,26.5,28.6,96.2,74.4,21,26048,57.2,811800,25216,2.3,90377,56257,4.8,841101,1400433,24425,257241,9257,NA,NA,NA,2.2,NA,28,23,2475.6,55282,"Santa Clara County "
"Paradise",26389,-0.1,26408,4.3,20.4,27.2,53.4,93.7,0.2,1.1,1,0.1,2.6,4.3,54.1,3.7,5.4,85.7,19.4,22.4,12374,70.9,129100,11591,2.22,31863,19267,12.4,2315,150754,5661,18358,2249,NA,NA,NA,NA,NA,15.4,18,1447,55520,"Butte County "
"Paramount",56369,2.1,55266,11,36.9,5.2,50.9,34.7,13.6,1.1,3.3,0.8,4.8,72.3,47.9,40.6,71.8,50,7,27.1,14591,42.9,154300,13972,3.93,36749,11487,21.9,991280,335764,5960,32758,3349,NA,NA,NA,41.9,NA,NA,4,11684.1,55618,"Los Angeles County "
"Pasadena",144133,7.6,133936,6.9,23.1,12.1,51.1,53.4,14.4,0.7,10,0.1,5.4,33.4,49.6,32.3,45,79.5,41.3,25.9,54132,45.8,286400,51844,2.52,46012,28186,15.9,3786394,2198589,15765,455974,16181,7.4,2,9.1,NA,NA,27.7,23,5798.1,56000,"Los Angeles County "
"Perris",51397,42,36189,10.8,39.6,6.2,51,41.2,15.9,1.5,2.7,0.3,5.8,56.2,41.8,27,50.1,61,6.6,37.9,10553,68.1,91300,9652,3.73,35522,11425,20.4,NA,541636,14032,27770,1838,NA,NA,NA,NA,NA,26.5,31,1153.6,56700,"Riverside County "
"Petaluma",54660,NA,54548,6.6,26.2,11,51.1,84.2,1.2,0.5,3.9,0.2,4,14.6,54.5,14.4,18.3,85.9,30.1,33.8,20304,70.1,289500,19932,2.7,61679,27087,6,797400,780510,14170,82347,6141,NA,NA,4.1,NA,NA,25.2,13,3952.8,56784,"Sonoma County "
"Pico Rivera",64336,1.4,63428,8.2,31,11,50.9,49.4,0.7,1.4,2.7,0.1,5.4,88.3,64.3,33.9,72.6,55.1,7.1,27.1,16807,70.4,166800,16468,3.83,41564,13011,12.6,761492,263171,4084,48153,3379,NA,NA,6.4,55.6,NA,NA,8,7641.9,56924,"Los Angeles County "
"Pittsburg",63017,11.2,56769,8.3,30.8,8.2,50.9,43.5,18.9,0.8,12.6,0.9,7.2,32.2,51.6,24.8,38.5,75.7,14.7,37.3,18300,62.8,165100,17741,3.17,50557,18241,11.5,206138,587019,9755,45500,2975,NA,NA,13.9,17.7,NA,28.3,15,3639,57456,"Contra Costa County "
"Placentia",49943,7.3,46488,7.4,27,9.1,50.4,67.8,1.8,0.8,11.2,0.2,3.6,31.1,50.1,24.5,35.5,81.5,31.3,26.3,15326,69,264500,15037,3.07,62803,23843,8.7,624828,306243,6423,51365,4157,NA,NA,11.5,NA,NA,32.2,6,7054.3,57526,"Orange County "
"Pleasant Hill",33191,1.1,32837,6.1,21.3,13.2,51.5,81.8,1.5,0.5,9.4,0.3,4.2,8.4,52.1,14,17.7,93.1,42.5,30.3,14034,63.5,294000,13753,2.35,67489,33076,5,179926,576788,17284,71888,3559,NA,NA,NA,NA,NA,32,7,4631.5,57764,"Contra Costa County "
"Pleasanton",66397,4,63654,6.8,28.2,7.6,50.9,80.4,1.4,0.3,11.7,0.1,3.7,7.9,48.3,14.2,17.4,94.2,47.3,33.3,23968,73.4,435300,23311,2.72,90859,41623,2.6,9044670,1265983,19253,165624,7002,NA,NA,NA,5.9,NA,22.5,21,2937.4,57792,"Alameda County "
"Pomona",154271,4.3,149473,9.4,34.6,6.4,49.4,41.8,9.6,1.3,7.2,0.2,5,64.5,51.1,36.7,62.8,54.9,12.8,31.9,39598,57.3,137700,37855,3.82,40021,13336,21.6,1403162,924239,6110,111253,7897,NA,NA,9.6,NA,NA,NA,22,6544.4,58072,"Los Angeles County "
"Porterville",45716,15,39615,9.5,34.3,9.4,50.9,54.8,1.3,1.7,4.6,0.2,4.7,49.4,46.3,22.6,43.3,61.7,11,20.9,12691,56.4,93500,11884,3.2,32046,12745,25.7,54221,434676,10510,39312,2137,NA,NA,NA,23.2,NA,NA,14,2827.6,58240,"Tulare County "
"Poway",48117,0.2,48044,6,30.7,8.6,50.8,82.9,1.7,0.5,7.5,0.3,4,10.4,54.9,10.6,14.8,93.1,39.3,25.8,15714,77.7,284200,15467,3.08,71708,29788,4.3,890464,760892,15591,52460,4648,NA,NA,NA,NA,NA,NA,39,1225,58520,"San Diego County "
"Rancho Cordova",59921,11.8,NA,NA,NA,NA,NA,NA,NA,NA,NA,NA,NA,NA,NA,NA,NA,NA,NA,NA,NA,NA,NA,NA,NA,NA,NA,NA,NA,NA,NA,NA,NA,NA,NA,NA,NA,NA,NA,NA,NA,59444,"Nevada County "
"Rancho Cucamonga",170714,33.6,127743,7,29.9,6.1,50,66.5,7.9,0.7,6,0.3,5.4,27.8,50.8,13.8,25,86,23.3,32.1,42134,70.2,182200,40863,3.04,60931,23702,7.1,2510294,1033252,7200,147318,11003,NA,NA,10.9,NA,NA,34.8,37,3411,59451,"San Bernardino County "
"Rancho Palos Verdes",41754,1.8,41145,4.9,23,18.7,51.6,67.2,2,0.2,25.9,0.1,3.4,5.7,60.8,26.8,32.1,95.8,58,33.1,15709,81.6,560500,15256,2.66,95503,46250,2.9,100044,75471,1807,NA,4381,NA,NA,22.7,NA,NA,29.3,13,3012.1,59514,"Los Angeles County "
"Rancho Santa Margarita",50618,5.9,47214,10.2,33.6,3.4,50.8,81.6,1.7,0.4,7.4,0.2,4.1,13,37.4,13.2,18.3,95.1,43.8,32.8,16515,78.3,280700,16253,2.9,78475,31531,2.9,344178,369395,7607,51321,4433,NA,NA,NA,10.3,NA,30.5,12,3847.9,59587,"Orange County "
"Redding",90033,11,80865,6.6,26.1,15.5,52.1,88.7,1.1,2.2,3,0.1,3.3,5.4,42.6,5.1,7.6,85.2,19.4,17.8,33802,56.7,121600,32103,2.44,34194,18207,15.6,432826,1651811,19255,174339,7743,NA,1.9,4.6,3.1,NA,30.3,58,1383.7,59920,"Shasta County "
"Redlands",70382,10.7,63591,6.2,26.2,12.6,52.8,73.7,4.3,0.9,5.1,0.2,4.4,24.1,50.8,12.8,22.1,86.6,35.2,23.5,24790,60.4,159300,23593,2.61,48155,24237,10.5,148800,1168501,17538,71845,5419,NA,NA,NA,NA,NA,27.4,35,1792.8,59962,"San Bernardino County "
"Redondo Beach",67346,6.5,63261,5.7,18.8,8.5,49.6,78.6,2.5,0.5,9.1,0.4,4.6,13.5,46.6,17,21.3,92.5,48,28,29543,49.5,353300,28566,2.21,69173,38305,5.9,314888,637462,9744,161530,8342,NA,NA,7.7,8,NA,33.8,6,10073.4,60018,"Los Angeles County "
"Redwood City",73691,-2.3,75402,7.5,23.2,10.2,49.7,69,2.5,0.5,8.9,0.9,4.2,31.2,49,30,39.4,82.9,35.7,25,28921,53,517800,28060,2.62,66748,34042,6,829143,1301027,17523,130775,7510,NA,NA,NA,NA,NA,26.7,19,3870.7,60102,"San Mateo County "
"Rialto",99467,7.7,91873,9.5,37.7,6.4,51.1,39.4,22.3,1.1,2.5,0.4,5.2,51.2,47.5,22.3,43,66.5,8.7,33.9,26045,68.4,116900,24659,3.69,41254,13375,17.4,NA,378675,3930,45688,4862,31.1,NA,3.5,44.4,NA,38.9,21,4200.9,60466,"San Bernardino County "
"Richmond",102120,2.9,99216,7.7,27.7,9.9,51.4,31.4,36.1,0.6,12.3,0.5,5.3,26.5,51.5,25.8,36.2,75.4,22.4,34.3,36044,53.3,171900,34625,2.82,44210,19788,16.2,3733698,858764,8411,59032,6209,14.2,NA,18.9,NA,NA,45.8,29,3309.4,60620,"Contra Costa County "
"Riverside",293761,14.9,255166,8,30.1,9,50.7,59.3,7.4,1.1,5.7,0.4,5.1,38.1,47.5,19.9,35.3,74.9,19.1,28.7,85974,56.6,138500,82005,3.02,41646,17882,15.8,3147818,3450302,12605,303952,18887,6.2,2,8.5,19.9,NA,29.3,78,3267.2,62000,"Riverside County "
"Rocklin",50131,37.5,36330,7.9,30,8.6,51.1,88.3,0.9,0.8,4.2,0.2,3.7,7.9,39.9,5.2,7.4,94.4,36.1,27.2,14421,72.7,213100,13258,2.74,64737,26910,4.5,581775,298881,6890,29528,3901,NA,NA,NA,4,NA,NA,16,2246.8,62364,"Placer County "
"Rohnert Park",41083,-0.6,42236,6.3,25.3,8.1,51.5,80.3,2,0.8,5.6,0.4,5.2,13.6,45.2,12.3,16.9,88,24.7,27.9,15808,58.4,237300,15503,2.65,51942,23035,8,NA,533436,12964,73526,2906,NA,NA,NA,6.4,NA,NA,6,6568.6,62546,"Sonoma County "
"Rosemead",54991,2.8,53505,7.5,27.5,10.6,50.9,26.6,0.7,0.9,48.8,0.1,3.4,41.3,57.4,56.4,80,53.2,12.9,27,14345,48.8,182200,13913,3.8,36181,12146,22.8,940120,230887,4232,60074,3919,NA,NA,47.7,NA,NA,25.3,5,10389.3,62896,"Los Angeles County "
"Roseville",107158,34,79921,7.3,26.8,14.5,52.1,86,1.3,0.7,4.3,0.2,3.5,11.5,40.4,9,13.4,90.9,31.4,26.3,31925,69.5,194900,30783,2.57,57367,27021,4.9,994417,2932064,31956,223350,8225,NA,NA,5.3,4,NA,25.6,30,2622.1,62938,"Placer County "
"Sacramento",453781,11.5,407018,7.1,27.3,11.4,51.4,48.3,15.5,1.3,16.6,0.9,6.4,21.6,48.6,20.3,32.6,77.3,23.9,23.4,163957,50.1,128800,154581,2.57,37049,18721,20,6123441,3864211,8910,718759,29607,7.8,NA,16.2,9.4,NA,31.8,97,4189.2,64000,"Sacramento County "
"Salinas",145032,1.5,151060,9.3,32,7.1,46.8,45.2,3.3,1.3,6.2,0.3,5.1,64.1,45.9,35.2,60.4,56,12.3,24.2,39659,50.1,195700,38298,3.66,43720,14495,16.7,3814588,1767414,12000,161692,7932,NA,NA,12.8,NA,NA,31.2,19,7946.3,64224,"Monterey County "
"San Bernardino",198985,7,185401,9.8,35.2,8.2,50.8,45.2,16.4,1.4,4.2,0.4,5.3,47.5,45,20.6,40.4,64.9,11.6,27.9,63535,52.4,98700,56330,3.19,31140,12925,27.6,NA,2483481,12923,258114,10548,16.9,NA,8.5,30.2,NA,41,58,3152.5,65000,"San Bernardino County "
"San Bruno",39986,-0.4,40165,6.1,23,11.2,50.6,57.7,2,0.5,18.7,2.9,7.5,24.1,59.5,32.4,42.2,84.5,26.2,26.2,14980,63,385100,14677,2.72,62081,26360,4.4,169398,163980,4170,26546,2820,NA,NA,11,NA,NA,23.2,5,7356.2,65028,"San Mateo County "
"San Buenaventura",104092,3.1,100916,6.6,25,12.8,50.8,78.8,1.4,1.2,3,0.2,4.3,24.3,47.6,13,21.5,85.7,29.2,22.3,39803,58.7,245400,38524,2.56,52298,25065,9,NA,1678951,16268,197309,11074,NA,NA,NA,11.6,NA,33.2,21,4789.6,65042,"Ventura County "
"San Carlos",27002,-2.6,27718,7,22.1,14.3,51.9,84.5,0.8,0.2,7.9,0.4,3.8,7.7,59.9,15.6,19.2,94.6,49.8,26.1,11691,72.7,626400,11455,2.4,88460,46628,2.7,595592,433952,16031,38296,3989,NA,NA,NA,NA,NA,39,5,4682.1,65070,"San Mateo County "
"San Clemente",61050,22.3,49936,6.5,24.1,13.1,49.4,87.9,0.8,0.6,2.6,0.1,2.8,15.9,48.1,13.5,18.6,90.7,36.1,27.2,20653,62.4,372400,19395,2.56,63507,34169,7.6,714040,368102,6593,70063,7643,NA,NA,NA,7.2,NA,38.8,17,2834.1,65084,"Orange County "
"San Diego",1256951,2.7,1223400,6.7,24,10.5,49.6,60.2,7.9,0.6,13.6,0.5,4.8,25.4,43.6,25.7,37.4,82.8,35,23.2,469689,49.5,233100,450691,2.61,45733,23609,14.6,21359621,13953238,11136,3508436,110024,3.3,0.9,10.5,11.8,NA,29.6,324,3772,66000,"San Diego County "
"San Dimas",35714,2.1,34980,5.9,25.5,11.9,52,74.7,3.3,0.7,9.4,0.2,4.4,23.3,56.1,15.4,26.5,87.3,28.4,30.1,12503,73.7,232400,12163,2.78,62885,28321,6.3,720195,223283,6253,52494,3458,NA,NA,NA,14.7,NA,NA,15,2255.3,66070,"Los Angeles County "
"San Francisco",744041,-4.2,776733,4.1,14.5,13.7,49.2,49.7,7.8,0.5,30.8,0.5,4.3,14.1,54.2,36.8,45.7,81.2,45,30.7,346527,35,396400,329700,2.3,55221,34556,11.3,8896586,8883316,11658,3546865,91873,2.9,0.5,21.4,5.8,0.3,31,46,16636,67000,"San Francisco County "
"San Gabriel",41024,3,39804,6.7,23.5,13.4,52,33.4,1.1,0.8,48.9,0.1,3.3,30.7,56,52.6,70.2,69.2,24.6,28.3,12909,47.6,232600,12587,3.1,41791,16807,15.9,183195,352320,8671,59220,4245,NA,NA,68.1,8.6,NA,36.5,4,9637.8,67042,"Los Angeles County "
"San Jose",929936,3.9,894943,7.6,26.4,8.3,49.2,47.5,3.5,0.8,26.9,0.4,5,30.2,51.8,36.9,51.2,78.3,31.6,27.8,281841,61.8,394000,276598,3.2,70243,26697,8.8,24982537,9091996,10146,1167123,60695,2.7,NA,26.8,12.9,NA,27.8,174,5118.1,68000,"Santa Clara County "
"San Juan Capistrano",34839,3,33826,7.2,28.1,13.1,50.8,78.5,0.8,1.1,1.9,0.1,3.4,33.1,49.6,23.7,32.1,81.6,30.7,24.6,11320,78.9,337800,10930,3.06,62392,29926,10.7,NA,618727,17954,48650,4172,NA,NA,NA,11.8,NA,36,14,2380.4,68028,"Orange County "
"San Leandro",78030,-1.8,79452,6.3,22.2,16,51.8,51.3,9.9,0.8,23,0.9,5.8,20.1,54.1,27.4,38.8,80.9,23.3,30.5,31334,60.6,235500,30642,2.57,51081,23895,6.4,2144397,1803315,22537,95398,6459,NA,NA,NA,8.2,NA,28.2,13,6051.2,68084,"Alameda County "
"San Luis Obispo",42963,-2.8,44174,3.4,14.2,12.1,48.6,84.1,1.5,0.7,5.3,0.1,3.6,11.7,33.5,9.5,13.9,91.1,40.9,15.4,19306,41.9,278800,18639,2.27,31926,20386,26.6,223229,998648,22685,173065,4890,NA,NA,NA,NA,NA,23.2,10,4143.9,68154,"San Luis Obispo County "
"San Marcos",76501,39,54977,8.8,29.1,11.9,50.4,67.4,2,0.8,4.7,0.2,4.5,36.9,42.4,25.6,36.6,75.1,20,27.1,18862,66,206400,18111,3.03,45908,18657,12,789185,725240,11769,77657,5568,NA,NA,2.4,11,NA,NA,23,2313.8,68196,"San Diego County "
"San Mateo",91601,-0.9,92482,6.1,20.4,15.1,51.1,66.2,2.6,0.5,15.1,1.6,5,20.5,54.5,30.2,37.6,85.9,38.6,25.5,38249,53.9,477300,37338,2.44,64757,36176,6.1,616666,1291388,14085,244482,9772,2.8,NA,17.1,NA,NA,27.3,12,7568.1,68252,"San Mateo County "
"San Pablo",31044,2.6,30215,9.1,31.7,8.7,50.9,31.6,18.3,0.9,16.4,0.5,6.8,44.6,50.6,40.9,58.5,62.4,10.4,33.4,9340,49.1,146100,9051,3.29,37184,14303,18.1,NA,226402,7350,22542,1406,NA,NA,NA,NA,NA,NA,2,11711.2,68294,"Contra Costa County "
"San Rafael",56008,-0.1,56063,5.8,19.5,14.4,50.5,75.8,2.2,0.6,5.6,0.2,4.5,23.3,50.7,28.1,32.9,84.7,43.6,30.7,22948,53.8,477100,22371,2.42,60994,35762,10.2,1369841,1382569,24584,119767,9462,NA,NA,NA,7.1,NA,23.1,16,3379.3,68364,"Marin County "
"San Ramon",49589,10.7,44722,7.4,26.3,6.1,50.7,76.8,1.9,0.4,14.9,0.2,3.6,7.2,46.2,16.4,20.2,96.5,52.7,31.3,17552,71.3,428700,16944,2.63,95856,42336,2,8235574,441978,9448,124628,5493,NA,NA,15.9,NA,NA,30.6,11,3862,68378,"Contra Costa County "
"Santa Ana",340024,0.6,337977,10.3,34.2,5.5,48.2,42.7,1.7,1.2,8.8,0.3,4.6,76.1,47.2,53.3,79.6,43.2,9.2,27.1,74588,49.3,184500,73002,4.55,43412,12152,19.8,3615801,2972446,8707,363556,19673,2.6,NA,15.9,30.8,NA,25.4,27,12453.1,69000,"Orange County "
"Santa Barbara",85681,-4.4,92325,5.6,19.8,13.8,50.8,74,1.8,1.1,2.8,0.1,3.8,35,47,25.3,36,81.3,39.6,16.7,37076,42,479800,35605,2.47,47498,26466,13.4,582946,1590072,17912,372953,13289,NA,NA,2.9,9.9,NA,25.4,18,4864.3,69070,"Santa Barbara County "
"Santa Clara",108518,6,102361,6.5,19.9,10.6,49.1,55.6,2.3,0.5,29.3,0.4,5,16,45.7,35,42.4,86.9,42.4,21.8,39630,46.1,396500,38526,2.58,69466,31755,7.8,9905416,1653400,16316,370062,8975,NA,NA,25.5,NA,NA,NA,18,5566.1,69084,"Santa Clara County "
"Santa Clarita",168008,11.1,151088,7.8,30.3,7.1,50.5,79.5,2.1,0.6,5.2,0.1,3.9,20.5,51.1,16.3,23.1,87.6,29.1,33,52442,74.7,229200,50787,2.95,66717,26841,6.4,4182694,2078512,13085,184071,14533,1.7,NA,7.1,10.4,NA,23.6,47,3158.9,69088,"Los Angeles County "
"Santa Cruz",54778,-1.9,54593,4.9,17.3,8.5,50.2,78.7,1.7,0.9,4.9,0.1,4.5,17.4,40.5,15.1,22.3,89.1,44.4,23.3,21504,46.6,411900,20442,2.44,50605,25758,16.5,456028,693311,12548,168117,6477,NA,NA,NA,5.6,NA,30.2,12,4357,69112,"Santa Cruz County "
"Santa Maria",84712,9.4,77423,9,31.6,11.3,49.2,58.1,1.9,1.8,4.7,0.2,5.4,59.7,45.7,32,51.6,61,11,20,22847,55.9,145600,22146,3.4,36541,13780,19.7,672972,1239596,15617,116278,5072,2.3,NA,NA,14.7,NA,27.5,19,4005.3,69196,"Santa Barbara County "
"Santa Monica",88050,4.7,84084,4.1,14.6,14.4,51.8,78.3,3.8,0.5,7.3,0.1,4.1,13.4,52.6,24.8,29.2,91,54.8,25,47863,29.8,625900,44497,1.83,50714,42874,10.4,4810469,3081902,35614,591059,20965,1.6,NA,7.4,5.2,NA,28.4,8,10179.7,70000,"Los Angeles County "
"Santa Paula",28531,-0.3,28598,8.8,31.4,10.7,49.1,55.2,0.4,1.4,0.7,0.2,4.7,71.2,53.4,29.5,57.6,57.8,8.6,25.3,8341,57.7,179800,8136,3.49,41651,15736,14.7,NA,138786,4836,17879,1651,NA,NA,NA,49.1,NA,NA,4,6217,70042,"Ventura County "
"Santa Rosa",154212,3.9,147595,6.5,24.3,13.9,51.2,77.6,2.2,1.4,3.8,0.3,4.4,19.2,47,16.3,22.2,84.2,27.6,23.1,57578,58.5,245000,56036,2.57,50931,24495,8.5,991437,2654974,17374,237069,15007,1.4,NA,4,NA,NA,31.7,40,3677.9,70098,"Sonoma County "
"Santee",52530,-0.8,52975,6.7,28.2,8.9,51.8,86.7,1.5,0.8,2.5,0.4,4,11.4,54.4,6.6,11.7,88.4,17,26.7,18833,71,187700,18470,2.81,53624,21311,5.4,179109,496501,9406,43220,3738,NA,NA,2.7,NA,NA,NA,16,3298.6,70224,"San Diego County "
"Saratoga",30045,0.6,29843,5.4,26,16.3,50.9,67.4,0.4,0.2,29.1,0.1,2.3,3.1,65.2,25.6,32.7,96.5,68.2,26.6,10649,90,1000001,10450,2.83,139895,65400,2.8,NA,94964,3237,34901,3344,NA,NA,29.2,NA,NA,43.8,12,2464.3,70280,"Santa Clara County "
"Seaside",34066,2.9,31696,9.7,30.2,8.5,49.1,49.2,12.6,1,10.1,1.3,7.3,34.5,47.2,31.2,43.6,70.1,17.5,19.6,11005,44,237700,9833,3.21,41393,15183,12.1,13909,565311,16634,40145,1677,NA,NA,NA,NA,NA,NA,8,3589.6,70742,"Monterey County "
"Simi Valley",121288,8.9,111351,7.3,28.4,7.6,50.5,81.3,1.3,0.7,6.3,0.1,3.7,16.8,52.1,15.1,21,86.9,24.9,29,37272,77.6,239900,36421,3.04,70370,26586,5.8,NA,1181889,10174,133809,11352,NA,NA,NA,15.2,NA,28.8,39,2842,72016,"Ventura County "
"South Gate",98434,2.1,96375,10.1,35.6,5.4,50.4,41.6,1,0.9,0.8,0.1,4.5,92,52.9,49.3,86.8,39.9,4.9,30.5,24269,46.9,161400,23213,4.15,35695,10602,19.2,1784189,591835,6010,60955,5350,NA,NA,NA,58.6,NA,25.9,7,13076.7,73080,"Los Angeles County "
"South San Francisco",61354,1.3,60552,6.5,24.2,12.6,50.4,44,2.8,0.6,28.9,1.6,7,31.8,61.1,39.1,54.7,79.8,25.2,26.7,20138,62.5,352900,19677,3.05,61764,23562,5.2,5872580,681652,11409,152217,5112,NA,NA,31.1,NA,NA,27.1,9,6713.1,73262,"San Mateo County "
"Stanton",37640,0.6,37403,9.3,30.4,9.6,49.4,49.6,2.3,1.1,15.5,0.9,5,48.9,43.1,41.3,58.5,62.7,11.9,29.5,11011,48.9,164000,10767,3.43,39127,14197,18,NA,341484,9046,36956,2140,NA,NA,15.9,23.6,NA,NA,3,11988.1,73962,"Orange County "
"Stockton",290141,19,243771,8.6,32.4,10.2,51.3,43.3,11.2,1.1,19.9,0.4,6.8,32.5,48.5,24.5,41.5,68.2,15.4,27.2,82042,51.6,119500,78556,3.04,35453,15405,23.9,2771636,2522032,9608,284361,14231,NA,NA,18.9,17.6,NA,26.8,54,4455.7,75000,"San Joaquin County "
"Suisun City",26917,3.1,26118,7.7,32.5,5.7,50.5,44.4,19.3,0.7,17.7,1,8.3,17.8,56.5,19.8,28.9,85.6,17.3,36.3,8146,73.6,160700,7987,3.26,60848,20386,6.5,NA,78667,2927,NA,1327,NA,NA,NA,NA,NA,NA,4,6513.2,75630,"Solano County "
"Sunnyvale",130519,-1,131760,7,20.4,10.6,48.6,53.3,2.2,0.5,32.3,0.3,4.3,15.5,46.2,39.4,45.8,89.4,50.8,22.2,53753,47.6,495200,52539,2.49,74409,36524,5.4,6756820,1395768,10828,249481,9579,3.5,1.7,21.3,9.1,NA,28.9,21,6005.5,77000,"Santa Clara County "
"Temecula",89392,41.2,57716,8.9,34.7,7.1,50.6,78.9,3.4,0.9,4.7,0.3,4.4,19,38,12,19.4,90.1,25,33.8,19099,73.4,190100,18293,3.15,59516,21557,6.7,1296028,1599974,21691,183946,7745,NA,NA,3.9,13.7,NA,25.3,26,2197.9,78120,"Riverside County "
"Temple City",37890,13.5,33377,5.7,24,14,52.4,48.7,0.9,0.4,38.9,0.1,3.5,20.5,58.2,38.6,51.7,83.5,28.5,31.1,11674,63.1,234800,11338,2.9,48722,20267,9.3,NA,128470,3632,NA,3348,NA,NA,31.4,NA,NA,NA,4,8323.4,78148,"Los Angeles County "
"Thousand Oaks",124207,6.2,117005,6.7,26,11.1,50.9,85.1,1.1,0.5,5.9,0.1,2.8,13.1,52.3,15.6,19.1,91.4,42.2,26.2,42958,75.3,324800,41793,2.75,76815,34314,5,NA,2471333,20220,225945,15202,NA,NA,NA,6.9,NA,26.1,54,2132.8,78582,"Ventura County "
"Torrance",142350,3.4,137946,5.7,23,14.1,51.4,59.2,2.2,0.4,28.6,0.3,4.7,12.8,54.2,27.6,35.4,90.6,36.4,25.1,55967,56,320700,54542,2.51,56489,28144,6.4,32841574,3977253,28283,377312,16707,1.6,NA,30.9,NA,NA,27.3,20,6716,80000,"Los Angeles County "
"Tracy",80308,41.1,56929,9.4,34.4,6.4,50,65.2,5.5,0.9,8.1,0.6,6.6,27.7,45.4,16.8,27.2,81.5,18,41.9,18087,72.2,214200,17620,3.21,62794,21397,7,1714772,825490,12170,71501,4285,NA,NA,25.6,15.1,NA,37,21,2710.9,80238,"San Joaquin County "
"Tulare",52109,18.3,43994,9.6,34.6,9.4,51.4,56.4,5,1.4,2,0.1,6,45.6,51.7,17.6,37.4,65,8.2,20,14253,60.5,94700,13543,3.22,33637,13655,20.7,190335,439407,9590,41007,2505,NA,NA,6.7,NA,NA,44.6,16,2648.6,80644,"Tulare County "
"Turlock",68492,22.3,55810,8.1,29.8,11.8,51.9,72.3,1.4,0.9,4.5,0.3,5.4,29.4,49.6,21.5,37.1,70.4,19.1,22.2,19095,55.8,128300,18408,2.92,39050,16844,16.2,185158,642300,10425,72320,3773,NA,NA,9.6,9.6,NA,NA,13,4196.2,80812,"Stanislaus County "
"Tustin",69665,3,67504,8.6,26.8,7.1,51,58.7,2.9,0.7,14.9,0.3,4.6,34.2,36.1,33.3,46.6,79.9,33.4,23.6,25501,49.6,273300,23831,2.82,55985,25932,8.5,1520948,1498837,21891,122082,7483,NA,NA,15.8,10.2,NA,27.2,11,5921.4,80854,"Orange County "
"Twentynine Palms",30531,6.8,14764,9.8,31.2,8.6,49.5,71,9.4,1.5,3.8,1.8,6.4,14.9,38.1,6,13.5,82,13.3,21.1,6952,43.3,75400,5653,2.6,31178,14613,16.8,NA,45154,1535,22110,771,NA,NA,NA,NA,NA,38.9,54,269.3,80994,"San Bernardino County "
"Union City",69477,3.9,66869,7.3,27.8,8.1,50.3,30.2,6.7,0.5,43.4,0.9,6.7,24,52.4,44,59.3,80.5,29.5,32.1,18877,71.3,312600,18642,3.57,71926,22890,6.5,3276367,571561,8236,70833,4003,NA,NA,NA,NA,NA,23.3,19,3473.7,81204,"Alameda County "
"Upland",73379,7,68393,7,27.3,10.8,51.9,67.2,7.6,0.8,7.3,0.1,4.7,27.5,49,16.2,26.8,83.8,26.7,29.3,25467,58.9,211000,24551,2.76,48734,23343,12,286694,648720,9139,63964,6456,3.9,NA,10.2,11.4,NA,16,15,4523.3,81344,"San Bernardino County "
"Vacaville",92691,4.5,88625,6.6,27,8.3,45.8,72.1,10,1,4.2,0.5,5.5,17.9,44.7,9,15.4,83.9,19.4,29.6,28696,66.7,181300,28105,2.83,57667,21557,6.1,NA,1031516,11065,108261,5035,NA,NA,NA,NA,NA,32.5,27,3272.7,81554,"Solano County "
"Vallejo",116844,0.1,116760,7.2,27.6,11.2,51.6,36,23.7,0.7,24.2,1.1,6.6,15.9,54.1,24.7,33.2,81.7,21.1,35.4,41219,63.2,166400,39601,2.9,50030,20415,10.1,315246,1353032,11342,99904,6515,NA,NA,25.7,NA,NA,36.6,30,3867.5,81666,"Solano County "
"Victorville",98662,54,64029,8.6,34.2,11.2,51.6,61.1,11.9,1.1,3.5,0.2,6,33.5,47.7,12.3,24.6,76.7,10.6,35.4,22498,65.1,98700,20893,3.03,36187,14454,18.7,146120,1355160,19088,123606,4921,7.8,NA,5.7,NA,NA,28,72,879.8,82590,"San Bernardino County "
"Visalia",113487,22.5,91565,8.1,31.3,10.9,51.8,69.5,1.9,1.4,5.1,0.1,4.2,35.6,47.7,12.8,29.1,76.4,18.9,19.1,32654,62.7,115300,30883,2.91,41349,18422,16.8,1312138,1325227,13655,116848,7189,NA,NA,NA,NA,NA,28.1,28,3203.8,82954,"Tulare County "
"Vista",89891,-0.2,89857,8.6,29.7,10,50,64.3,4.2,1,3.7,0.7,4.8,38.9,42.6,24.4,36.9,75.9,19.6,26.6,29814,54.2,201600,28877,3.03,42594,18027,14.2,914910,889907,9783,78071,7186,NA,NA,NA,14.9,NA,NA,18,4810.3,82996,"San Diego County "
"Walnut",31294,4.3,30004,4.9,27.8,6.9,50.8,28.4,4.2,0.2,55.8,0.1,3.7,19.3,66.1,46.2,64,88.8,41.9,35.5,8395,88.9,279700,8260,3.63,81015,25196,6.5,648898,144802,4721,11894,3453,NA,NA,51.9,NA,NA,NA,8,3341.2,83332,"Los Angeles County "
"Walnut Creek",63701,-1.2,64296,4.4,17.6,25.3,53.8,83.9,1.1,0.3,9.4,0.1,3.2,6,52.7,18.2,19.4,95,54,32.8,31425,68.3,391200,30301,2.09,63238,39875,3.7,1762218,1565342,23984,184278,8819,NA,NA,9.5,4.9,NA,31,19,3229.3,83346,"Contra Costa County "
"Watsonville",48709,4.9,44265,9.3,34,8.6,49.8,43,0.8,1.7,3.3,0.1,5.2,75.1,49.8,44.2,70.7,49.1,8.7,23.5,11695,48.1,224700,11381,3.84,37617,13205,19.1,1031776,686994,14788,49966,2728,NA,NA,NA,NA,NA,NA,6,6970.9,83668,"Santa Cruz County "
"West Covina",107745,2.5,105080,7.6,28.5,10.4,51.4,43.9,6.4,0.8,22.7,0.2,4.9,45.7,55.8,32.5,53,78.2,21.9,33.8,32058,66.5,190200,31411,3.32,53002,19342,9,112201,1393421,13010,114939,7266,NA,NA,NA,NA,NA,22.8,16,6522.7,84200,"Los Angeles County "
"West Hollywood",36514,2,35716,1.6,5.7,17,44.8,86.4,3.1,0.4,3.8,0.1,3.4,8.8,44.8,35.9,38,91.1,46.8,26.9,24110,21.6,406400,23120,1.53,38914,38302,11.5,502602,899589,24630,286231,8512,2,NA,NA,NA,NA,23.3,1,18997.9,84410,"Los Angeles County "
"West Sacramento",44162,39.7,31615,7.7,29.8,12.7,50.6,65,2.6,1.8,7.2,0.6,6.9,30,48.6,25.1,38.4,69.9,9.8,21.2,12133,54.5,113000,11404,2.75,31718,15245,22.3,5533588,298170,8234,32503,2674,NA,5.9,5.3,11,NA,31.3,20,1509.8,84816,"Yolo County "
"Westminster",89520,1.5,88207,7.3,25.9,11.2,50,45.8,1,0.6,38.1,0.5,3.8,21.7,53,42.6,56.6,71.5,18.1,27.8,26940,60.2,227300,26406,3.32,49450,18218,13.5,234086,1400814,15750,91132,8436,NA,NA,NA,NA,NA,37.2,10,8724.7,84550,"Orange County "
"Whittier",84015,0.5,83680,7.8,28.3,12.5,51.4,63.2,1.2,1.3,3.3,0.2,5,55.9,55.9,18.3,39.3,78.8,21.9,30.1,28977,57.8,211700,28271,2.88,49256,21409,10.5,NA,739283,8694,107715,6376,NA,NA,10.9,33.5,NA,NA,14,5719.8,85292,"Los Angeles County "
"Woodland",51144,3.2,49151,8.1,29.7,10.5,51,66.8,1.3,1.5,3.8,0.3,4.9,38.8,46,19.4,35.2,73,18,20.7,17120,58.5,153100,16751,2.89,44449,18042,11.9,NA,508046,9979,46112,3216,NA,NA,NA,19.5,NA,31.1,10,4767.3,86328,"Yolo County "
"Yorba Linda",65314,10.8,58918,6,29.3,7.7,50.9,81.5,1.2,0.4,11.1,0.1,3.1,10.3,60.6,13.9,19.1,93.4,41.5,30.4,19567,84.7,346100,19252,3.05,89593,36173,3,2055113,489133,8031,65188,6370,NA,NA,12.3,NA,NA,NA,19,3041.7,86832,"Orange County "
"Yuba City",60360,19.4,36758,8.1,29,12.2,51.1,67,2.8,1.8,8.9,0.3,4.9,24.6,41.6,19.5,29.1,72.6,14.4,25.2,13912,47.4,115700,13290,2.7,32858,15928,18.1,182696,770487,14583,66561,3353,NA,NA,14,NA,NA,23.3,9,3922.9,86972,"Sutter County "
"Yucaipa",50223,21.9,41207,6.5,28.5,15.5,51.7,85.2,0.9,1.1,1.2,0.1,3.5,18.3,49.1,8.2,14.7,80.9,14.3,28.9,16112,74.2,140000,15193,2.67,39144,18949,11.2,NA,150435,3452,21610,3062,NA,NA,NA,NA,NA,38.8,27,1483.3,87042,"San Bernardino County "
